-- phpMyAdmin SQL Dump
-- version 5.1.1
-- https://www.phpmyadmin.net/
--
-- 主機： 127.0.0.1
-- 產生時間： 2022-01-04 14:15:37
-- 伺服器版本： 10.4.22-MariaDB
-- PHP 版本： 8.1.1

SET SQL_MODE = "NO_AUTO_VALUE_ON_ZERO";
START TRANSACTION;
SET time_zone = "+00:00";


/*!40101 SET @OLD_CHARACTER_SET_CLIENT=@@CHARACTER_SET_CLIENT */;
/*!40101 SET @OLD_CHARACTER_SET_RESULTS=@@CHARACTER_SET_RESULTS */;
/*!40101 SET @OLD_COLLATION_CONNECTION=@@COLLATION_CONNECTION */;
/*!40101 SET NAMES utf8mb4 */;

--
-- 資料庫: `final project`
--

-- --------------------------------------------------------

--
-- 資料表結構 `business_hour`
--

CREATE TABLE `business_hour` (
  `storeName` varchar(9) DEFAULT NULL,
  `open` varchar(4) DEFAULT NULL,
  `close` varchar(5) DEFAULT NULL
) ENGINE=InnoDB DEFAULT CHARSET=utf8;

--
-- 傾印資料表的資料 `business_hour`
--

INSERT INTO `business_hour` (`storeName`, `open`, `close`) VALUES
('Coco', '1100', '2200'),
('Kebuke', '900', '2100'),
('50嵐', '930', '2200'),
('喫茶小舖', '930', '2400'),
('一芳', '1000', '1800'),
('紅線茶鋪', '1000', '2100'),
('大苑子', '1000', '2230'),
('老賴茶棧', '1000', '2200'),
('天仁茗茶', '930', '2100'),
('再睡五分鐘', '1205', '2100'),
('老虎堂', '1100', '2200'),
('星巴克', '730', '1930'),
('拾覺', '1000', '2100'),
('飲料店1', '730', '2100'),
('飲料店2', '1030', '1930'),
('飲料店3', '1030', '1930'),
('飲料店4', '1215', '2000'),
('飲料店5', '1200', '2130'),
('飲料店6', '900', '2330'),
('飲料店7', '1130', '2100'),
('飲料店8', '1000', '1930'),
('飲料店9', '730', '2200'),
('飲料店10', '1030', '2030'),
('飲料店11', '830', '2100'),
('飲料店12', '1215', '2100'),
('飲料店13', '1130', '2000'),
('飲料店14', '1030', '2100'),
('飲料店15', '1030', '2000'),
('飲料店16', '1130', '2100'),
('飲料店17', '730', '1900'),
('飲料店18', '930', '2000'),
('飲料店19', '900', '2100'),
('飲料店20', '1000', '2400'),
('飲料店21', '1130', '2300'),
('飲料店22', '1100', '1930'),
('飲料店23', '1230', '1930'),
('飲料店24', '1230', '2330'),
('飲料店25', '1115', '2000'),
('飲料店26', '830', '2100'),
('飲料店27', '1130', '2100'),
('飲料店28', '1200', '2130'),
('飲料店29', '1115', '2200'),
('飲料店30', '1030', '2130'),
('飲料店31', '1100', '1900'),
('飲料店32', '1200', '1930'),
('飲料店33', '830', '2330'),
('飲料店34', '1030', '2300'),
('飲料店35', '830', '2100'),
('飲料店36', '930', '2130'),
('飲料店37', '1100', '2000'),
('飲料店38', '1030', '2000'),
('飲料店39', '1130', '2130'),
('飲料店40', '1215', '2030'),
('飲料店41', '900', '1900'),
('飲料店42', '1230', '2400'),
('飲料店43', '1230', '2200'),
('飲料店44', '1100', '2100'),
('飲料店45', '1030', '2200'),
('飲料店46', '1200', '1800'),
('飲料店47', '1000', '2100'),
('飲料店48', '1030', '1800'),
('飲料店49', '1000', '1930'),
('飲料店50', '1200', '1930'),
('飲料店51', '1115', '2000'),
('飲料店52', '930', '1800'),
('飲料店53', '1230', '2030'),
('飲料店54', '1115', '1800'),
('飲料店55', '730', '2130'),
('飲料店56', '1200', '2330'),
('飲料店57', '830', '2030'),
('飲料店58', '930', '2300'),
('飲料店59', '1215', '2200'),
('飲料店60', '830', '2030'),
('飲料店61', '1215', '1930'),
('飲料店62', '900', '2100'),
('飲料店63', '830', '2330'),
('飲料店64', '900', '2030'),
('飲料店65', '1215', '2030'),
('飲料店66', '1130', '2330'),
('飲料店67', '1130', '2330'),
('飲料店68', '1200', '2300'),
('飲料店69', '1215', '2100'),
('飲料店70', '1100', '2200'),
('飲料店71', '1130', '1900'),
('飲料店72', '930', '2300'),
('飲料店73', '930', '2100'),
('飲料店74', '1100', '2330'),
('飲料店75', '1100', '1930'),
('飲料店76', '1000', '2100'),
('飲料店77', '730', '2100'),
('飲料店78', '1030', '2330'),
('飲料店79', '830', '2300'),
('飲料店80', '1115', '1800'),
('飲料店81', '900', '1900'),
('飲料店82', '1130', '1930'),
('飲料店83', '830', '2400'),
('飲料店84', '930', '1900'),
('飲料店85', '1030', '1900'),
('飲料店86', '1115', '2200'),
('飲料店87', '1000', '2330'),
('飲料店88', '1200', '2400'),
('飲料店89', '1115', '1900'),
('飲料店90', '1100', '2300'),
('飲料店91', '900', '2400'),
('飲料店92', '930', '2100'),
('飲料店93', '1200', '2300'),
('飲料店94', '1215', '2330'),
('飲料店95', '730', '1800'),
('飲料店96', '930', '2200'),
('飲料店97', '1115', '2200'),
('飲料店98', '730', '2400'),
('飲料店99', '1215', '1900'),
('飲料店100', '1230', '1930');

-- --------------------------------------------------------

--
-- 資料表結構 `drinks`
--

CREATE TABLE `drinks` (
  `drinkName` varchar(9) DEFAULT NULL,
  `toppings` varchar(8) DEFAULT NULL,
  `type` varchar(4) DEFAULT NULL,
  `caffeine` varchar(8) DEFAULT NULL,
  `tea_variant` varchar(11) DEFAULT NULL
) ENGINE=InnoDB DEFAULT CHARSET=utf8;

--
-- 傾印資料表的資料 `drinks`
--

INSERT INTO `drinks` (`drinkName`, `toppings`, `type`, `caffeine`, `tea_variant`) VALUES
('紅茶', '無', '單茶', '1', '紅茶'),
('綠茶', '無', '單茶', '1', '綠茶'),
('烏龍茶', '無', '單茶', '1', '烏龍茶'),
('冬瓜茶', '無', '非茶類', '0', '非茶類'),
('珍珠紅茶拿鐵', '珍珠', '奶茶', '1', '紅茶'),
('烏龍拿鐵', '無', '奶茶', '1', '烏龍茶'),
('四季春茶', '無', '單茶', '1', '四季春'),
('奶綠', '無', '奶茶', '1', '綠茶'),
('金桔檸檬', '水果', '水果茶', '0', '水果茶'),
('百香綠茶', '水果', '單茶', '1', '綠茶'),
('珍珠黑糖奶茶', '珍珠', '奶茶', '0', '紅茶'),
('薑汁奶茶', '無', '奶茶', '0', '紅茶'),
('阿華田', '無', '非茶類', '0', '非茶類'),
('飲料12', '無', '單茶', '1', '綠茶'),
('飲料13', '無', '單茶', '1', '綠茶'),
('飲料14', '無', '單茶', '1', '綠茶'),
('飲料15', '無', '單茶', '1', '綠茶'),
('飲料16', '無', '單茶', '1', '四季春'),
('飲料17', '珍珠', '單茶', '1', '四季春'),
('飲料18', '水果', '水果茶', '1', '四季春'),
('飲料19', '無', '單茶', '1', '烏龍茶'),
('飲料20', '無', '單茶', '1', '烏龍茶'),
('飲料21', '珍珠', '單茶', '1', '烏龍茶'),
('飲料22', '珍珠', '單茶', '1', '烏龍茶'),
('飲料23', '珍珠', '單茶', '1', '茉莉花茶'),
('飲料24', '珍珠', '單茶', '1', '茉莉花茶'),
('飲料25', '珍珠', '單茶', '1', '茉莉花茶'),
('飲料26', '珍珠', '單茶', '1', '茉莉花茶'),
('飲料27', '珍珠', '單茶', '1', '茉莉花茶'),
('飲料28', '珍珠', '單茶', '1', '茉莉花茶'),
('飲料29', '水果', '水果茶', '0', '茉莉花茶'),
('飲料30', '水果', '水果茶', '0', '茉莉花茶'),
('飲料31', '水果', '水果茶', '0', '綠茶'),
('飲料32', '水果', '水果茶', '0', '綠茶'),
('飲料33', '水果', '水果茶', '0', '紅茶'),
('飲料34', '水果', '水果茶', '0', '紅茶'),
('飲料35', '水果', '水果茶', '1', '紅茶'),
('飲料36', '水果', '水果茶', '1', '紅茶'),
('飲料37', '水果', '水果茶', '1', '紅茶'),
('飲料38', '水果', '水果茶', '1', '花茶'),
('飲料39', '水果', '水果茶', '1', '花茶'),
('飲料40', '水果', '水果茶', '1', '花茶'),
('飲料41', '水果', '水果茶', '1', '花茶'),
('飲料42', '水果', '水果茶', '1', '花茶'),
('飲料43', '水果', '水果茶', '1', '花茶'),
('飲料44', '水果', '水果茶', '1', '花茶'),
('飲料45', '椰果', '單茶', '1', '紅茶'),
('飲料46', '椰果', '單茶', '1', '綠茶'),
('飲料47', '椰果', '奶茶', '1', '烏龍茶'),
('飲料48', '椰果', '單茶', '1', '紅茶'),
('飲料49', '椰果', '單茶', '1', '綠茶'),
('飲料50', '椰果', '單茶', '1', '烏龍茶'),
('飲料51', '椰果', '單茶', '1', '紅茶'),
('飲料52', '椰果', '單茶', '1', '綠茶'),
('飲料53', '椰果', '單茶', '1', '烏龍茶'),
('飲料54', '椰果', '單茶', '1', '紅茶'),
('飲料55', '椰果', '單茶', '1', '綠茶'),
('飲料56', '椰果', '單茶', '1', '烏龍茶'),
('飲料57', '椰果', '單茶', '1', '紅茶'),
('飲料58', '椰果', '單茶', '1', '綠茶'),
('飲料59', '布丁', '單茶', '1', '烏龍茶'),
('飲料60', '布丁', '單茶', '1', '紅茶'),
('飲料61', '布丁', '單茶', '1', '綠茶'),
('飲料62', '布丁', '單茶', '1', '烏龍茶'),
('飲料63', '布丁', '單茶', '1', '紅茶'),
('飲料64', '布丁', '單茶', '1', '綠茶'),
('飲料65', '布丁', '單茶', '1', '烏龍茶'),
('飲料66', '布丁', '單茶', '1', '紅茶'),
('飲料67', '布丁', '單茶', '1', '綠茶'),
('飲料68', '布丁', '單茶', '1', '烏龍茶'),
('飲料69', '布丁', '奶茶', '1', '紅茶'),
('飲料70', '布丁', '奶茶', '1', '綠茶'),
('飲料71', '布丁', '奶茶', '1', '烏龍茶'),
('飲料72', '布丁', '奶茶', '1', '鐵觀音'),
('飲料73', '布丁', '奶茶', '1', '鐵觀音'),
('飲料74', '布丁', '奶茶', '1', '鐵觀音'),
('飲料75', '無', '非茶類', '0', '非茶類'),
('飲料76', '無', '非茶類', '0', '非茶類'),
('飲料77', '無', '非茶類', '0', '非茶類'),
('飲料78', '無', '非茶類', '0', '非茶類'),
('飲料79', '無', '非茶類', '0', '非茶類'),
('飲料80', '無', '非茶類', '0', '非茶類'),
('飲料81', '無', '非茶類', '0', '非茶類'),
('飲料82', '無', '非茶類', '0', '非茶類'),
('飲料83', '無', '非茶類', '0', '非茶類'),
('飲料84', '無', '非茶類', '0', '非茶類'),
('飲料85', '無', '非茶類', '0', '非茶類'),
('飲料86', '無', '非茶類', '0', '非茶類'),
('飲料87', '無', '非茶類', '0', '非茶類'),
('飲料88', '無', '非茶類', '0', '非茶類'),
('飲料89', '無', '非茶類', '0', '非茶類'),
('飲料90', '燕麥', '奶茶', '1', '紅茶'),
('飲料91', '燕麥', '奶茶', '1', '綠茶'),
('飲料92', '燕麥', '奶茶', '1', '烏龍茶'),
('飲料93', '燕麥', '奶茶', '1', '紅茶'),
('飲料94', '燕麥', '奶茶', '1', '烏龍茶'),
('飲料95', '燕麥', '奶茶', '1', '四季春'),
('飲料96', '燕麥', '奶茶', '1', '鐵觀音'),
('飲料97', '燕麥', '奶茶', '1', '烏龍茶'),
('飲料98', '燕麥', '單茶', '1', '紅茶'),
('飲料99', '燕麥', '單茶', '1', '烏龍茶'),
('飲料100', '燕麥', '單茶', '1', '四季春');

-- --------------------------------------------------------

--
-- 資料表結構 `menu`
--

CREATE TABLE `menu` (
  `storeName` varchar(9) DEFAULT NULL,
  `drinkName` varchar(9) DEFAULT NULL,
  `temperature` varchar(11) DEFAULT NULL,
  `capacity` varchar(8) DEFAULT NULL,
  `price` varchar(5) DEFAULT NULL
) ENGINE=InnoDB DEFAULT CHARSET=utf8;

--
-- 傾印資料表的資料 `menu`
--

INSERT INTO `menu` (`storeName`, `drinkName`, `temperature`, `capacity`, `price`) VALUES
('Coco', '紅茶', 'both', 'L', '30'),
('Coco', '綠茶', 'both', 'L', '30'),
('Coco', '四季春茶', 'both', 'L', '30'),
('Coco', '珍珠紅茶拿鐵', 'both', 'L', '45'),
('Coco', '奶綠', 'both', 'L', '50'),
('Kebuke', '四季春茶', 'both', 'L', '30'),
('Kebuke', '紅茶', 'both', 'L', '30'),
('Kebuke', '綠茶', 'both', 'L', '30'),
('Kebuke', '冬瓜茶', 'both', 'L', '35'),
('Kebuke', '珍珠紅茶拿鐵', 'both', 'L', '55'),
('50嵐', '烏龍拿鐵', 'both', 'L', '60'),
('50嵐', '四季春茶', 'both', 'L', '30'),
('50嵐', '奶綠', 'both', 'L', '50'),
('50嵐', '金桔檸檬', 'cold', 'L', '60'),
('50嵐', '綠茶', 'cold', 'L', '25'),
('喫茶小舖', '綠茶', 'both', 'L', '30'),
('喫茶小舖', '烏龍茶', 'both', 'L', '30'),
('喫茶小舖', '珍珠紅茶拿鐵', 'both', 'L', '50'),
('喫茶小舖', '烏龍拿鐵', 'both', 'L', '50'),
('喫茶小舖', '紅茶', 'both', 'L', '30'),
('一芳', '烏龍拿鐵', 'both', 'L', '55'),
('一芳', '四季春茶', 'both', 'L', '30'),
('一芳', '珍珠紅茶拿鐵', 'both', 'L', '60'),
('一芳', '紅茶', 'both', 'L', '30'),
('一芳', '烏龍茶', 'cold', 'L', '30'),
('紅線茶鋪', '百香綠茶', 'both', 'XL', '40'),
('紅線茶鋪', '綠茶', 'both', 'XL', '35'),
('紅線茶鋪', '四季春茶', 'both', 'XL', '40'),
('紅線茶鋪', '珍珠紅茶拿鐵', 'both', 'XL', '60'),
('紅線茶鋪', '奶綠', 'both', 'XL', '50'),
('大苑子', '四季春茶', 'both', 'L', '30'),
('大苑子', '珍珠黑糖奶茶', 'both', 'M', '65'),
('大苑子', '薑汁奶茶', 'hot', 'M', '65'),
('大苑子', '烏龍拿鐵', 'both', 'L', '60'),
('大苑子', '紅茶', 'both', 'L', '30'),
('老賴茶棧', '紅茶', 'both', 'L', '25'),
('老賴茶棧', '冬瓜茶', 'both', 'L', '30'),
('老賴茶棧', '珍珠紅茶拿鐵', 'both', 'L', '50'),
('老賴茶棧', '綠茶', 'cold', 'L', '30'),
('老賴茶棧', '金桔檸檬', 'cold', 'L', '40'),
('天仁茗茶', '綠茶', 'cold', 'L', '50'),
('天仁茗茶', '珍珠紅茶拿鐵', 'both', 'L', '90'),
('天仁茗茶', '奶綠', 'hot', 'L', '60'),
('天仁茗茶', '烏龍茶', 'both', 'L', '60'),
('天仁茗茶', '烏龍拿鐵', 'both', 'L', '90'),
('再睡五分鐘', '紅茶', 'cold', 'L', '40'),
('再睡五分鐘', '奶綠', 'cold', 'L', '65'),
('再睡五分鐘', '四季春茶', 'cold', 'L', '40'),
('再睡五分鐘', '烏龍茶', 'hot', 'M', '40'),
('再睡五分鐘', '珍珠紅茶拿鐵', 'cold', 'L', '75'),
('老虎堂', '珍珠紅茶拿鐵', 'both', 'L', '50'),
('老虎堂', '珍珠黑糖奶茶', 'both', 'M', '50'),
('老虎堂', '烏龍拿鐵', 'both', 'L', '40'),
('老虎堂', '薑汁奶茶', 'both', 'M', '45'),
('老虎堂', '奶綠', 'both', 'L', '35'),
('麻古', '阿華田', 'hot', 'M', '60'),
('麻古', '百香綠茶', 'both', 'L', '60'),
('麻古', '紅茶', 'both', 'L', '30'),
('麻古', '綠茶', 'cold', 'L', '35'),
('麻古', '紅茶拿鐵', 'both', 'L', '60'),
('拾覺', '綠茶', 'both', 'L', '30'),
('拾覺', '奶綠', 'both', 'L', '50'),
('拾覺', '冬瓜茶', 'cold', 'L', '30'),
('拾覺', '紅茶', 'both', 'L', '30'),
('拾覺', '珍珠紅茶拿鐵', 'both', 'L', '60'),
('飲料店1', '飲料1', 'cold', 'XL', '20'),
('飲料店1', '飲料31', 'hot', 'M', '50'),
('飲料店1', '飲料44', 'cold', 'XL', '30'),
('飲料店1', '飲料76', 'both', 'S', '65'),
('飲料店1', '飲料92', 'hot', 'M', '50'),
('飲料店2', '飲料10', 'hot', 'L', '45'),
('飲料店2', '飲料27', 'hot', 'L', '40'),
('飲料店2', '飲料58', 'both', 'S', '70'),
('飲料店2', '飲料76', 'both', 'S', '65'),
('飲料店2', '飲料95', 'both', 'M', '60'),
('飲料店3', '飲料3', 'cold', 'XL', '30'),
('飲料店3', '飲料37', 'both', 'S', '65'),
('飲料店3', '飲料54', 'both', 'M', '60'),
('飲料店3', '飲料70', 'hot', 'M', '50'),
('飲料店3', '飲料86', 'cold', 'L', '35'),
('飲料店4', '飲料1', 'cold', 'XL', '20'),
('飲料店4', '飲料22', 'cold', 'XL', '25'),
('飲料店4', '飲料47', 'hot', 'L', '40'),
('飲料店4', '飲料63', 'cold', 'XL', '30'),
('飲料店4', '飲料83', 'cold', 'XL', '30'),
('飲料店5', '飲料20', 'both', 'S', '75'),
('飲料店5', '飲料29', 'hot', 'L', '45'),
('飲料店5', '飲料42', 'cold', 'XL', '25'),
('飲料店5', '飲料60', 'cold', 'XL', '20'),
('飲料店5', '飲料80', 'cold', 'XL', '20'),
('飲料店6', '飲料8', 'hot', 'L', '40'),
('飲料店6', '飲料31', 'hot', 'M', '50'),
('飲料店6', '飲料51', 'hot', 'M', '50'),
('飲料店6', '飲料72', 'hot', 'M', '55'),
('飲料店6', '飲料92', 'hot', 'M', '55'),
('飲料店7', '飲料3', 'cold', 'XL', '30'),
('飲料店7', '飲料33', 'both', 'M', '55'),
('飲料店7', '飲料49', 'hot', 'L', '45'),
('飲料店7', '飲料67', 'hot', 'L', '40'),
('飲料店7', '飲料81', 'cold', 'XL', '25'),
('飲料店8', '飲料12', 'hot', 'M', '55'),
('飲料店8', '飲料36', 'both', 'S', '65'),
('飲料店8', '飲料56', 'both', 'S', '65'),
('飲料店8', '飲料70', 'hot', 'M', '50'),
('飲料店8', '飲料86', 'cold', 'L', '35'),
('飲料店9', '飲料18', 'both', 'S', '70'),
('飲料店9', '飲料35', 'both', 'M', '60'),
('飲料店9', '飲料59', 'both', 'S', '75'),
('飲料店9', '飲料79', 'both', 'S', '70'),
('飲料店9', '飲料91', 'hot', 'M', '50'),
('飲料店10', '飲料3', 'cold', 'XL', '30'),
('飲料店10', '飲料29', 'hot', 'L', '45'),
('飲料店10', '飲料45', 'cold', 'XL', '35'),
('飲料店10', '飲料77', 'both', 'S', '65'),
('飲料店10', '飲料84', 'cold', 'XL', '30'),
('飲料店11', '飲料16', 'both', 'S', '65'),
('飲料店11', '飲料37', 'both', 'S', '65'),
('飲料店11', '飲料60', 'both', 'S', '75'),
('飲料店11', '飲料80', 'both', 'S', '75'),
('飲料店11', '飲料92', 'hot', 'M', '55'),
('飲料店12', '飲料8', 'hot', 'L', '40'),
('飲料店12', '飲料25', 'cold', 'L', '35'),
('飲料店12', '飲料46', 'cold', 'L', '35'),
('飲料店12', '飲料77', 'both', 'S', '65'),
('飲料店12', '飲料80', 'cold', 'XL', '20'),
('飲料店13', '飲料8', 'hot', 'L', '40'),
('飲料店13', '飲料22', 'cold', 'XL', '25'),
('飲料店13', '飲料54', 'both', 'M', '55'),
('飲料店13', '飲料61', 'cold', 'XL', '25'),
('飲料店13', '飲料80', 'cold', 'XL', '20'),
('飲料店14', '飲料18', 'both', 'S', '70'),
('飲料店14', '飲料26', 'cold', 'L', '35'),
('飲料店14', '飲料45', 'cold', 'L', '35'),
('飲料店14', '飲料72', 'hot', 'M', '50'),
('飲料店14', '飲料94', 'both', 'M', '60'),
('飲料店15', '飲料17', 'both', 'S', '65'),
('飲料店15', '飲料35', 'both', 'M', '60'),
('飲料店15', '飲料50', 'hot', 'L', '45'),
('飲料店15', '飲料64', 'cold', 'XL', '30'),
('飲料店15', '飲料95', 'both', 'M', '60'),
('飲料店16', '飲料9', 'hot', 'L', '45'),
('飲料店16', '飲料29', 'hot', 'L', '45'),
('飲料店16', '飲料59', 'both', 'S', '70'),
('飲料店16', '飲料75', 'both', 'M', '60'),
('飲料店16', '飲料82', 'cold', 'XL', '25'),
('飲料店17', '飲料12', 'hot', 'M', '55'),
('飲料店17', '飲料28', 'hot', 'L', '40'),
('飲料店17', '飲料55', 'both', 'M', '60'),
('飲料店17', '飲料72', 'hot', 'M', '55'),
('飲料店17', '飲料91', 'hot', 'M', '50'),
('飲料店18', '飲料7', 'hot', 'L', '40'),
('飲料店18', '飲料23', 'cold', 'XL', '30'),
('飲料店18', '飲料45', 'cold', 'XL', '30'),
('飲料店18', '飲料69', 'hot', 'L', '45'),
('飲料店18', '飲料96', 'both', 'S', '65'),
('飲料店19', '飲料10', 'hot', 'M', '50'),
('飲料店19', '飲料40', 'both', 'S', '75'),
('飲料店19', '飲料55', 'both', 'S', '60'),
('飲料店19', '飲料67', 'hot', 'L', '40'),
('飲料店19', '飲料83', 'cold', 'XL', '30'),
('飲料店20', '飲料13', 'hot', 'M', '55'),
('飲料店20', '飲料30', 'hot', 'L', '45'),
('飲料店20', '飲料41', 'cold', 'XL', '25'),
('飲料店20', '飲料74', 'both', 'M', '60'),
('飲料店20', '飲料90', 'hot', 'M', '50'),
('飲料店21', '飲料3', 'cold', 'XL', '30'),
('飲料店21', '飲料39', 'both', 'S', '70'),
('飲料店21', '飲料43', 'cold', 'XL', '30'),
('飲料店21', '飲料78', 'both', 'S', '70'),
('飲料店21', '飲料94', 'both', 'M', '60'),
('飲料店22', '飲料6', 'cold', 'L', '35'),
('飲料店22', '飲料29', 'hot', 'L', '45'),
('飲料店22', '飲料41', 'cold', 'XL', '25'),
('飲料店22', '飲料79', 'both', 'S', '75'),
('飲料店22', '飲料94', 'both', 'M', '60'),
('飲料店23', '飲料3', 'cold', 'XL', '30'),
('飲料店23', '飲料38', 'both', 'S', '70'),
('飲料店23', '飲料56', 'both', 'S', '65'),
('飲料店23', '飲料72', 'hot', 'M', '50'),
('飲料店23', '飲料84', 'cold', 'XL', '30'),
('飲料店24', '飲料4', 'cold', 'XL', '30'),
('飲料店24', '飲料36', 'both', 'S', '65'),
('飲料店24', '飲料50', 'hot', 'L', '45'),
('飲料店24', '飲料63', 'cold', 'XL', '30'),
('飲料店24', '飲料90', 'hot', 'M', '50'),
('飲料店25', '飲料15', 'both', 'M', '60'),
('飲料店25', '飲料28', 'hot', 'L', '40'),
('飲料店25', '飲料46', 'cold', 'L', '35'),
('飲料店25', '飲料71', 'hot', 'M', '50'),
('飲料店25', '飲料94', 'both', 'M', '60'),
('飲料店26', '飲料15', 'both', 'S', '60'),
('飲料店26', '飲料34', 'both', 'M', '60'),
('飲料店26', '飲料50', 'hot', 'L', '45'),
('飲料店26', '飲料62', 'cold', 'XL', '25'),
('飲料店26', '飲料87', 'hot', 'L', '40'),
('飲料店27', '飲料17', 'both', 'S', '65'),
('飲料店27', '飲料21', 'cold', 'XL', '20'),
('飲料店27', '飲料50', 'hot', 'M', '50'),
('飲料店27', '飲料73', 'both', 'M', '55'),
('飲料店27', '飲料89', 'hot', 'L', '45'),
('飲料店28', '飲料2', 'cold', 'XL', '25'),
('飲料店28', '飲料39', 'both', 'S', '70'),
('飲料店28', '飲料58', 'both', 'S', '70'),
('飲料店28', '飲料71', 'hot', 'M', '50'),
('飲料店28', '飲料87', 'hot', 'L', '40'),
('飲料店29', '飲料9', 'hot', 'L', '45'),
('飲料店29', '飲料27', 'hot', 'L', '40'),
('飲料店29', '飲料57', 'both', 'S', '65'),
('飲料店29', '飲料66', 'cold', 'L', '35'),
('飲料店29', '飲料89', 'hot', 'L', '45'),
('飲料店30', '飲料5', 'cold', 'L', '35'),
('飲料店30', '飲料40', 'both', 'S', '75'),
('飲料店30', '飲料46', 'cold', 'L', '35'),
('飲料店30', '飲料75', 'both', 'M', '60'),
('飲料店30', '飲料91', 'hot', 'M', '50'),
('飲料店31', '飲料4', 'cold', 'XL', '30'),
('飲料店31', '飲料35', 'both', 'S', '60'),
('飲料店31', '飲料57', 'both', 'S', '65'),
('飲料店31', '飲料68', 'hot', 'L', '40'),
('飲料店31', '飲料90', 'hot', 'M', '50'),
('飲料店32', '飲料18', 'both', 'S', '70'),
('飲料店32', '飲料21', 'cold', 'XL', '20'),
('飲料店32', '飲料60', 'both', 'S', '75'),
('飲料店32', '飲料71', 'hot', 'M', '50'),
('飲料店32', '飲料81', 'cold', 'XL', '25'),
('飲料店33', '飲料11', 'hot', 'M', '50'),
('飲料店33', '飲料24', 'cold', 'XL', '30'),
('飲料店33', '飲料57', 'both', 'S', '65'),
('飲料店33', '飲料73', 'hot', 'M', '55'),
('飲料店33', '飲料93', 'hot', 'M', '55'),
('飲料店34', '飲料4', 'cold', 'XL', '30'),
('飲料店34', '飲料37', 'both', 'S', '65'),
('飲料店34', '飲料42', 'cold', 'XL', '25'),
('飲料店34', '飲料62', 'cold', 'XL', '25'),
('飲料店34', '飲料95', 'both', 'M', '60'),
('飲料店35', '飲料6', 'cold', 'L', '35'),
('飲料店35', '飲料39', 'both', 'S', '70'),
('飲料店35', '飲料46', 'cold', 'L', '35'),
('飲料店35', '飲料67', 'hot', 'L', '40'),
('飲料店35', '飲料83', 'cold', 'XL', '30'),
('飲料店36', '飲料15', 'both', 'M', '60'),
('飲料店36', '飲料37', 'both', 'S', '65'),
('飲料店36', '飲料54', 'both', 'M', '60'),
('飲料店36', '飲料72', 'hot', 'M', '55'),
('飲料店36', '飲料95', 'both', 'M', '60'),
('飲料店37', '飲料5', 'cold', 'L', '35'),
('飲料店37', '飲料23', 'cold', 'XL', '30'),
('飲料店37', '飲料40', 'cold', 'XL', '20'),
('飲料店37', '飲料61', 'cold', 'XL', '25'),
('飲料店37', '飲料96', 'both', 'S', '65'),
('飲料店38', '飲料17', 'both', 'S', '65'),
('飲料店38', '飲料24', 'cold', 'XL', '30'),
('飲料店38', '飲料42', 'cold', 'XL', '25'),
('飲料店38', '飲料71', 'hot', 'M', '50'),
('飲料店38', '飲料80', 'cold', 'XL', '20'),
('飲料店39', '飲料2', 'cold', 'XL', '25'),
('飲料店39', '飲料29', 'hot', 'L', '45'),
('飲料店39', '飲料55', 'both', 'S', '60'),
('飲料店39', '飲料74', 'both', 'M', '60'),
('飲料店39', '飲料91', 'hot', 'M', '50'),
('飲料店40', '飲料1', 'cold', 'XL', '25'),
('飲料店40', '飲料29', 'hot', 'L', '45'),
('飲料店40', '飲料44', 'cold', 'XL', '30'),
('飲料店40', '飲料74', 'both', 'M', '60'),
('飲料店40', '飲料86', 'cold', 'L', '35'),
('飲料店41', '飲料9', 'hot', 'L', '45'),
('飲料店41', '飲料25', 'cold', 'XL', '35'),
('飲料店41', '飲料52', 'hot', 'M', '50'),
('飲料店41', '飲料71', 'hot', 'M', '50'),
('飲料店41', '飲料93', 'hot', 'M', '55'),
('飲料店42', '飲料3', 'cold', 'XL', '30'),
('飲料店42', '飲料30', 'hot', 'M', '50'),
('飲料店42', '飲料59', 'both', 'S', '75'),
('飲料店42', '飲料74', 'both', 'M', '60'),
('飲料店42', '飲料98', 'both', 'S', '70'),
('飲料店43', '飲料4', 'cold', 'XL', '30'),
('飲料店43', '飲料27', 'hot', 'L', '40'),
('飲料店43', '飲料44', 'cold', 'XL', '30'),
('飲料店43', '飲料80', 'both', 'S', '75'),
('飲料店43', '飲料89', 'hot', 'L', '45'),
('飲料店44', '飲料20', 'both', 'S', '75'),
('飲料店44', '飲料22', 'cold', 'XL', '25'),
('飲料店44', '飲料53', 'hot', 'M', '55'),
('飲料店44', '飲料62', 'cold', 'XL', '25'),
('飲料店44', '飲料89', 'hot', 'L', '45'),
('飲料店45', '飲料19', 'both', 'S', '70'),
('飲料店45', '飲料21', 'cold', 'XL', '25'),
('飲料店45', '飲料58', 'both', 'S', '70'),
('飲料店45', '飲料66', 'cold', 'L', '35'),
('飲料店45', '飲料85', 'cold', 'XL', '35'),
('飲料店46', '飲料15', 'both', 'S', '60'),
('飲料店46', '飲料28', 'hot', 'L', '45'),
('飲料店46', '飲料44', 'cold', 'XL', '30'),
('飲料店46', '飲料73', 'hot', 'M', '55'),
('飲料店46', '飲料92', 'hot', 'M', '55'),
('飲料店47', '飲料9', 'hot', 'L', '45'),
('飲料店47', '飲料29', 'hot', 'L', '45'),
('飲料店47', '飲料52', 'hot', 'M', '55'),
('飲料店47', '飲料73', 'hot', 'M', '55'),
('飲料店47', '飲料97', 'both', 'S', '65'),
('飲料店48', '飲料17', 'both', 'S', '65'),
('飲料店48', '飲料32', 'hot', 'M', '55'),
('飲料店48', '飲料54', 'both', 'M', '60'),
('飲料店48', '飲料71', 'hot', 'M', '50'),
('飲料店48', '飲料88', 'hot', 'L', '40'),
('飲料店49', '飲料4', 'cold', 'XL', '30'),
('飲料店49', '飲料35', 'both', 'M', '60'),
('飲料店49', '飲料51', 'hot', 'M', '50'),
('飲料店49', '飲料78', 'both', 'S', '70'),
('飲料店49', '飲料85', 'cold', 'XL', '35'),
('飲料店50', '飲料4', 'cold', 'XL', '30'),
('飲料店50', '飲料32', 'hot', 'M', '55'),
('飲料店50', '飲料54', 'both', 'M', '60'),
('飲料店50', '飲料72', 'hot', 'M', '50'),
('飲料店50', '飲料87', 'hot', 'L', '40'),
('飲料店51', '飲料10', 'hot', 'L', '45'),
('飲料店51', '飲料22', 'cold', 'XL', '25'),
('飲料店51', '飲料55', 'both', 'M', '60'),
('飲料店51', '飲料72', 'hot', 'M', '55'),
('飲料店51', '飲料92', 'hot', 'M', '55'),
('飲料店52', '飲料14', 'both', 'M', '60'),
('飲料店52', '飲料36', 'both', 'S', '65'),
('飲料店52', '飲料43', 'cold', 'XL', '30'),
('飲料店52', '飲料72', 'hot', 'M', '50'),
('飲料店52', '飲料97', 'both', 'S', '70'),
('飲料店53', '飲料18', 'both', 'S', '70'),
('飲料店53', '飲料32', 'hot', 'M', '55'),
('飲料店53', '飲料55', 'both', 'M', '60'),
('飲料店53', '飲料61', 'cold', 'XL', '20'),
('飲料店53', '飲料93', 'both', 'M', '55'),
('飲料店54', '飲料20', 'both', 'S', '75'),
('飲料店54', '飲料26', 'cold', 'L', '35'),
('飲料店54', '飲料51', 'hot', 'M', '50'),
('飲料店54', '飲料66', 'cold', 'L', '35'),
('飲料店54', '飲料83', 'cold', 'XL', '30'),
('飲料店55', '飲料2', 'cold', 'XL', '25'),
('飲料店55', '飲料37', 'both', 'S', '70'),
('飲料店55', '飲料57', 'both', 'S', '65'),
('飲料店55', '飲料75', 'both', 'M', '60'),
('飲料店55', '飲料83', 'cold', 'XL', '30'),
('飲料店56', '飲料7', 'cold', 'L', '40'),
('飲料店56', '飲料22', 'cold', 'XL', '25'),
('飲料店56', '飲料42', 'cold', 'XL', '25'),
('飲料店56', '飲料73', 'hot', 'M', '55'),
('飲料店56', '飲料96', 'both', 'S', '65'),
('飲料店57', '飲料11', 'hot', 'M', '50'),
('飲料店57', '飲料29', 'hot', 'L', '45'),
('飲料店57', '飲料48', 'hot', 'L', '40'),
('飲料店57', '飲料66', 'cold', 'L', '35'),
('飲料店57', '飲料89', 'hot', 'L', '45'),
('飲料店58', '飲料10', 'hot', 'M', '50'),
('飲料店58', '飲料23', 'cold', 'XL', '30'),
('飲料店58', '飲料46', 'cold', 'L', '40'),
('飲料店58', '飲料75', 'both', 'M', '60'),
('飲料店58', '飲料86', 'cold', 'L', '35'),
('飲料店59', '飲料17', 'both', 'S', '65'),
('飲料店59', '飲料39', 'both', 'S', '75'),
('飲料店59', '飲料57', 'both', 'S', '70'),
('飲料店59', '飲料75', 'both', 'M', '60'),
('飲料店59', '飲料86', 'cold', 'L', '35'),
('飲料店60', '飲料19', 'both', 'S', '70'),
('飲料店60', '飲料23', 'cold', 'XL', '25'),
('飲料店60', '飲料41', 'cold', 'XL', '25'),
('飲料店60', '飲料76', 'both', 'S', '65'),
('飲料店60', '飲料90', 'hot', 'M', '50'),
('飲料店61', '飲料12', 'hot', 'M', '55'),
('飲料店61', '飲料39', 'both', 'S', '75'),
('飲料店61', '飲料41', 'cold', 'XL', '25'),
('飲料店61', '飲料78', 'both', 'S', '70'),
('飲料店61', '飲料93', 'hot', 'M', '55'),
('飲料店62', '飲料6', 'cold', 'L', '40'),
('飲料店62', '飲料22', 'cold', 'XL', '25'),
('飲料店62', '飲料50', 'hot', 'M', '50'),
('飲料店62', '飲料65', 'cold', 'XL', '30'),
('飲料店62', '飲料86', 'cold', 'L', '35'),
('飲料店63', '飲料18', 'both', 'S', '70'),
('飲料店63', '飲料31', 'hot', 'M', '50'),
('飲料店63', '飲料53', 'both', 'M', '55'),
('飲料店63', '飲料62', 'cold', 'XL', '25'),
('飲料店63', '飲料90', 'hot', 'L', '45'),
('飲料店64', '飲料8', 'hot', 'L', '40'),
('飲料店64', '飲料30', 'hot', 'L', '45'),
('飲料店64', '飲料56', 'both', 'S', '65'),
('飲料店64', '飲料70', 'hot', 'M', '50'),
('飲料店64', '飲料88', 'hot', 'L', '40'),
('飲料店65', '飲料14', 'both', 'M', '60'),
('飲料店65', '飲料31', 'hot', 'M', '50'),
('飲料店65', '飲料52', 'hot', 'M', '55'),
('飲料店65', '飲料68', 'hot', 'L', '40'),
('飲料店65', '飲料80', 'cold', 'XL', '20'),
('飲料店66', '飲料14', 'both', 'M', '60'),
('飲料店66', '飲料22', 'cold', 'XL', '25'),
('飲料店66', '飲料52', 'hot', 'M', '55'),
('飲料店66', '飲料77', 'both', 'S', '65'),
('飲料店66', '飲料90', 'hot', 'L', '45'),
('飲料店67', '飲料15', 'both', 'M', '60'),
('飲料店67', '飲料30', 'hot', 'L', '45'),
('飲料店67', '飲料48', 'hot', 'L', '40'),
('飲料店67', '飲料76', 'both', 'S', '65'),
('飲料店67', '飲料91', 'hot', 'M', '50'),
('飲料店68', '飲料7', 'hot', 'L', '40'),
('飲料店68', '飲料39', 'both', 'S', '75'),
('飲料店68', '飲料53', 'hot', 'M', '55'),
('飲料店68', '飲料64', 'cold', 'XL', '30'),
('飲料店68', '飲料87', 'hot', 'L', '40'),
('飲料店69', '飲料3', 'cold', 'XL', '25'),
('飲料店69', '飲料35', 'both', 'M', '60'),
('飲料店69', '飲料59', 'both', 'S', '70'),
('飲料店69', '飲料72', 'hot', 'M', '55'),
('飲料店69', '飲料81', 'cold', 'XL', '20'),
('飲料店70', '飲料7', 'cold', 'L', '40'),
('飲料店70', '飲料21', 'cold', 'XL', '25'),
('飲料店70', '飲料53', 'hot', 'M', '55'),
('飲料店70', '飲料63', 'cold', 'XL', '25'),
('飲料店70', '飲料97', 'both', 'S', '65'),
('飲料店71', '飲料17', 'both', 'S', '70'),
('飲料店71', '飲料32', 'hot', 'M', '55'),
('飲料店71', '飲料54', 'both', 'M', '60'),
('飲料店71', '飲料77', 'both', 'S', '65'),
('飲料店71', '飲料80', 'cold', 'XL', '20'),
('飲料店72', '飲料3', 'cold', 'XL', '25'),
('飲料店72', '飲料34', 'both', 'M', '60'),
('飲料店72', '飲料52', 'hot', 'M', '55'),
('飲料店72', '飲料64', 'cold', 'XL', '30'),
('飲料店72', '飲料81', 'cold', 'XL', '25'),
('飲料店73', '飲料3', 'cold', 'XL', '30'),
('飲料店73', '飲料32', 'hot', 'M', '55'),
('飲料店73', '飲料47', 'hot', 'L', '40'),
('飲料店73', '飲料66', 'cold', 'L', '40'),
('飲料店73', '飲料87', 'hot', 'L', '40'),
('飲料店74', '飲料13', 'both', 'M', '55'),
('飲料店74', '飲料36', 'both', 'S', '65'),
('飲料店74', '飲料56', 'both', 'S', '65'),
('飲料店74', '飲料71', 'hot', 'M', '50'),
('飲料店74', '飲料92', 'hot', 'M', '55'),
('飲料店75', '飲料16', 'both', 'S', '65'),
('飲料店75', '飲料38', 'both', 'S', '70'),
('飲料店75', '飲料43', 'cold', 'XL', '30'),
('飲料店75', '飲料73', 'hot', 'M', '55'),
('飲料店75', '飲料88', 'hot', 'L', '40'),
('飲料店76', '飲料5', 'cold', 'L', '35'),
('飲料店76', '飲料23', 'cold', 'XL', '30'),
('飲料店76', '飲料57', 'both', 'S', '65'),
('飲料店76', '飲料61', 'cold', 'XL', '25'),
('飲料店76', '飲料89', 'hot', 'L', '45'),
('飲料店77', '飲料11', 'hot', 'M', '50'),
('飲料店77', '飲料26', 'cold', 'L', '35'),
('飲料店77', '飲料51', 'hot', 'M', '50'),
('飲料店77', '飲料65', 'cold', 'XL', '30'),
('飲料店77', '飲料86', 'cold', 'L', '35'),
('飲料店78', '飲料2', 'cold', 'XL', '25'),
('飲料店78', '飲料36', 'both', 'S', '65'),
('飲料店78', '飲料43', 'cold', 'XL', '25'),
('飲料店78', '飲料66', 'cold', 'L', '35'),
('飲料店78', '飲料96', 'both', 'S', '65'),
('飲料店79', '飲料18', 'both', 'S', '70'),
('飲料店79', '飲料36', 'both', 'S', '65'),
('飲料店79', '飲料55', 'both', 'M', '60'),
('飲料店79', '飲料72', 'hot', 'M', '55'),
('飲料店79', '飲料87', 'hot', 'L', '40'),
('飲料店80', '飲料17', 'both', 'S', '65'),
('飲料店80', '飲料25', 'cold', 'XL', '35'),
('飲料店80', '飲料57', 'both', 'S', '65'),
('飲料店80', '飲料65', 'cold', 'XL', '35'),
('飲料店80', '飲料85', 'cold', 'XL', '35'),
('飲料店81', '飲料11', 'hot', 'M', '50'),
('飲料店81', '飲料40', 'both', 'S', '75'),
('飲料店81', '飲料41', 'cold', 'XL', '25'),
('飲料店81', '飲料62', 'cold', 'XL', '25'),
('飲料店81', '飲料90', 'hot', 'M', '50'),
('飲料店82', '飲料9', 'hot', 'L', '45'),
('飲料店82', '飲料22', 'cold', 'XL', '25'),
('飲料店82', '飲料45', 'cold', 'L', '35'),
('飲料店82', '飲料78', 'both', 'S', '70'),
('飲料店82', '飲料85', 'cold', 'XL', '35'),
('飲料店83', '飲料3', 'cold', 'XL', '30'),
('飲料店83', '飲料23', 'cold', 'XL', '25'),
('飲料店83', '飲料59', 'both', 'S', '70'),
('飲料店83', '飲料62', 'cold', 'XL', '25'),
('飲料店83', '飲料81', 'cold', 'XL', '25'),
('飲料店84', '飲料1', 'cold', 'XL', '25'),
('飲料店84', '飲料27', 'hot', 'L', '40'),
('飲料店84', '飲料58', 'both', 'S', '70'),
('飲料店84', '飲料68', 'hot', 'L', '40'),
('飲料店84', '飲料89', 'hot', 'L', '45'),
('飲料店85', '飲料19', 'both', 'S', '70'),
('飲料店85', '飲料37', 'both', 'S', '65'),
('飲料店85', '飲料51', 'hot', 'M', '50'),
('飲料店85', '飲料77', 'both', 'S', '65'),
('飲料店85', '飲料94', 'both', 'M', '60'),
('飲料店86', '飲料8', 'hot', 'L', '40'),
('飲料店86', '飲料25', 'cold', 'L', '35'),
('飲料店86', '飲料40', 'cold', 'XL', '20'),
('飲料店86', '飲料71', 'hot', 'M', '50'),
('飲料店86', '飲料99', 'both', 'S', '75'),
('飲料店87', '飲料8', 'hot', 'L', '40'),
('飲料店87', '飲料25', 'cold', 'XL', '35'),
('飲料店87', '飲料52', 'hot', 'M', '50'),
('飲料店87', '飲料65', 'cold', 'L', '35'),
('飲料店87', '飲料94', 'both', 'M', '60'),
('飲料店88', '飲料19', 'both', 'S', '70'),
('飲料店88', '飲料29', 'hot', 'L', '45'),
('飲料店88', '飲料58', 'both', 'S', '70'),
('飲料店88', '飲料60', 'cold', 'XL', '20'),
('飲料店88', '飲料99', 'both', 'S', '70'),
('飲料店89', '飲料12', 'hot', 'M', '55'),
('飲料店89', '飲料36', 'both', 'S', '65'),
('飲料店89', '飲料52', 'hot', 'M', '50'),
('飲料店89', '飲料63', 'cold', 'XL', '30'),
('飲料店89', '飲料84', 'cold', 'XL', '30'),
('飲料店90', '飲料8', 'hot', 'L', '40'),
('飲料店90', '飲料20', 'cold', 'XL', '20'),
('飲料店90', '飲料48', 'hot', 'L', '45'),
('飲料店90', '飲料62', 'cold', 'XL', '25'),
('飲料店90', '飲料93', 'hot', 'M', '55'),
('飲料店91', '飲料17', 'both', 'S', '65'),
('飲料店91', '飲料21', 'cold', 'XL', '25'),
('飲料店91', '飲料56', 'both', 'S', '65'),
('飲料店91', '飲料73', 'both', 'M', '55'),
('飲料店91', '飲料94', 'both', 'M', '60'),
('飲料店92', '飲料16', 'both', 'S', '65'),
('飲料店92', '飲料31', 'hot', 'M', '50'),
('飲料店92', '飲料54', 'both', 'M', '60'),
('飲料店92', '飲料63', 'cold', 'XL', '30'),
('飲料店92', '飲料94', 'both', 'M', '60'),
('飲料店93', '飲料15', 'both', 'M', '60'),
('飲料店93', '飲料36', 'both', 'S', '65'),
('飲料店93', '飲料41', 'cold', 'XL', '20'),
('飲料店93', '飲料77', 'both', 'S', '70'),
('飲料店93', '飲料93', 'hot', 'M', '55'),
('飲料店94', '飲料14', 'both', 'M', '60'),
('飲料店94', '飲料22', 'cold', 'XL', '25'),
('飲料店94', '飲料51', 'hot', 'M', '50'),
('飲料店94', '飲料79', 'both', 'S', '70'),
('飲料店94', '飲料81', 'cold', 'XL', '25'),
('飲料店95', '飲料5', 'cold', 'L', '35'),
('飲料店95', '飲料23', 'cold', 'XL', '30'),
('飲料店95', '飲料60', 'both', 'S', '75'),
('飲料店95', '飲料72', 'hot', 'M', '55'),
('飲料店95', '飲料86', 'cold', 'L', '35'),
('飲料店96', '飲料18', 'both', 'S', '70'),
('飲料店96', '飲料27', 'hot', 'L', '40'),
('飲料店96', '飲料54', 'both', 'M', '60'),
('飲料店96', '飲料64', 'cold', 'XL', '30'),
('飲料店96', '飲料83', 'cold', 'XL', '30'),
('飲料店97', '飲料5', 'cold', 'XL', '35'),
('飲料店97', '飲料30', 'hot', 'M', '50'),
('飲料店97', '飲料58', 'both', 'S', '70'),
('飲料店97', '飲料62', 'cold', 'XL', '25'),
('飲料店97', '飲料98', 'both', 'S', '70'),
('飲料店98', '飲料9', 'hot', 'L', '45'),
('飲料店98', '飲料22', 'cold', 'XL', '25'),
('飲料店98', '飲料56', 'both', 'S', '65'),
('飲料店98', '飲料63', 'cold', 'XL', '30'),
('飲料店98', '飲料99', 'both', 'S', '75'),
('飲料店99', '飲料16', 'both', 'S', '65'),
('飲料店99', '飲料37', 'both', 'S', '70'),
('飲料店99', '飲料44', 'cold', 'XL', '30'),
('飲料店99', '飲料69', 'hot', 'L', '45'),
('飲料店99', '飲料80', 'cold', 'XL', '20'),
('飲料店100', '飲料15', 'both', 'S', '60'),
('飲料店100', '飲料22', 'cold', 'XL', '25'),
('飲料店100', '飲料48', 'hot', 'L', '40'),
('飲料店100', '飲料66', 'cold', 'L', '35'),
('飲料店100', '飲料100', 'both', 'S', '75');

-- --------------------------------------------------------

--
-- 資料表結構 `store`
--

CREATE TABLE `store` (
  `storeName` varchar(9) DEFAULT NULL,
  `seat` varchar(4) DEFAULT NULL,
  `delivery` varchar(8) DEFAULT NULL,
  `region` varchar(6) DEFAULT NULL
) ENGINE=InnoDB DEFAULT CHARSET=utf8;

--
-- 傾印資料表的資料 `store`
--

INSERT INTO `store` (`storeName`, `seat`, `delivery`, `region`) VALUES
('Coco', '0', '1', '全台'),
('Kebuke', '0', '1', '全台'),
('50嵐', '0', '1', '全台'),
('喫茶小舖', '0', '1', '全台'),
('一芳', '0', '1', '全台'),
('紅線茶鋪', '1', '0', '中'),
('大苑子', '0', '1', '全台'),
('老賴茶棧', '0', '1', '全台'),
('天仁茗茶', '0', '1', '全台'),
('再睡五分鐘', '0', '1', '全台'),
('老虎堂', '0', '1', '全台'),
('麻古', '1', '1', '全台'),
('拾覺', '0', '1', '中'),
('飲料店1', '0', '1', '北'),
('飲料店2', '1', '1', '全台'),
('飲料店3', '1', '0', '全台'),
('飲料店4', '1', '1', '中'),
('飲料店5', '1', '0', '全台'),
('飲料店6', '0', '0', '中'),
('飲料店7', '1', '0', '全台'),
('飲料店8', '0', '0', '南'),
('飲料店9', '1', '0', '全台'),
('飲料店10', '0', '1', '全台'),
('飲料店11', '1', '1', '北'),
('飲料店12', '0', '0', '全台'),
('飲料店13', '1', '1', '全台'),
('飲料店14', '0', '0', '全台'),
('飲料店15', '1', '1', '南'),
('飲料店16', '1', '1', '中'),
('飲料店17', '0', '0', '北'),
('飲料店18', '1', '1', '全台'),
('飲料店19', '0', '1', '全台'),
('飲料店20', '1', '1', '全台'),
('飲料店21', '0', '0', '北'),
('飲料店22', '1', '1', '中'),
('飲料店23', '1', '0', '全台'),
('飲料店24', '0', '1', '中'),
('飲料店25', '1', '1', '全台'),
('飲料店26', '0', '0', '南'),
('飲料店27', '1', '1', '南'),
('飲料店28', '0', '0', '全台'),
('飲料店29', '1', '0', '南'),
('飲料店30', '0', '0', '南'),
('飲料店31', '1', '1', '全台'),
('飲料店32', '0', '0', '全台'),
('飲料店33', '1', '1', '北'),
('飲料店34', '1', '1', '北'),
('飲料店35', '1', '0', '南'),
('飲料店36', '0', '1', '南'),
('飲料店37', '1', '0', '中'),
('飲料店38', '0', '1', '南'),
('飲料店39', '1', '1', '南'),
('飲料店40', '0', '1', '全台'),
('飲料店41', '1', '0', '全台'),
('飲料店42', '1', '0', '全台'),
('飲料店43', '0', '0', '全台'),
('飲料店44', '1', '0', '中'),
('飲料店45', '1', '1', '全台'),
('飲料店46', '1', '0', '中'),
('飲料店47', '0', '0', '全台'),
('飲料店48', '1', '1', '全台'),
('飲料店49', '0', '0', '全台'),
('飲料店50', '1', '0', '南'),
('飲料店51', '0', '0', '北'),
('飲料店52', '1', '1', '全台'),
('飲料店53', '0', '1', '全台'),
('飲料店54', '1', '0', '全台'),
('飲料店55', '0', '1', '全台'),
('飲料店56', '0', '1', '全台'),
('飲料店57', '1', '0', '全台'),
('飲料店58', '0', '0', '全台'),
('飲料店59', '1', '1', '全台'),
('飲料店60', '0', '0', '全台'),
('飲料店61', '1', '0', '全台'),
('飲料店62', '0', '0', '北'),
('飲料店63', '1', '0', '全台'),
('飲料店64', '1', '0', '中'),
('飲料店65', '0', '1', '北'),
('飲料店66', '0', '0', '全台'),
('飲料店67', '1', '0', '全台'),
('飲料店68', '0', '1', '全台'),
('飲料店69', '1', '1', '北'),
('飲料店70', '0', '1', '南'),
('飲料店71', '1', '1', '中'),
('飲料店72', '1', '0', '全台'),
('飲料店73', '0', '0', '全台'),
('飲料店74', '1', '1', '南'),
('飲料店75', '0', '0', '南'),
('飲料店76', '1', '0', '南'),
('飲料店77', '1', '1', '全台'),
('飲料店78', '0', '1', '全台'),
('飲料店79', '1', '1', '全台'),
('飲料店80', '0', '0', '全台'),
('飲料店81', '1', '0', '北'),
('飲料店82', '0', '0', '北'),
('飲料店83', '1', '1', '全台'),
('飲料店84', '0', '0', '全台'),
('飲料店85', '0', '1', '全台'),
('飲料店86', '1', '0', '全台'),
('飲料店87', '0', '0', '全台'),
('飲料店88', '1', '1', '中'),
('飲料店89', '1', '1', '中'),
('飲料店90', '1', '0', '全台'),
('飲料店91', '1', '0', '中'),
('飲料店92', '1', '0', '全台'),
('飲料店93', '1', '1', '南'),
('飲料店94', '0', '1', '全台'),
('飲料店95', '1', '1', '全台'),
('飲料店96', '1', '0', '北'),
('飲料店97', '1', '1', '全台'),
('飲料店98', '0', '1', '全台'),
('飲料店99', '1', '1', '全台'),
('飲料店100', '0', '1', '南');
COMMIT;

/*!40101 SET CHARACTER_SET_CLIENT=@OLD_CHARACTER_SET_CLIENT */;
/*!40101 SET CHARACTER_SET_RESULTS=@OLD_CHARACTER_SET_RESULTS */;
/*!40101 SET COLLATION_CONNECTION=@OLD_COLLATION_CONNECTION */;
